Customer ID,Last Purchase Date,Predicted Days Until Next Purchase,Predicted Next Purchase Date,Confidence (%),Customer Segment,Historical Purchases,Average Purchase Amount
636,2022-11-27,107,2023-03-14,70,Rare,6,$3759.97
637,2022-03-27,31,2022-04-27,70,Regular,6,$5378.99
642,2022-05-29,15,2022-06-13,70,Frequent,10,$7933.65
644,2021-06-20,7,2021-06-27,50,Very Frequent,3,$1055.09
653,2024-12-01,70,2025-02-09,90,Occasional,20,$8475.58
661,2022-05-29,29,2022-06-27,70,Regular,10,$12798.85
663,2022-06-19,16,2022-07-05,90,Very Frequent,28,$29739.62
699,2022-05-22,10,2022-06-01,90,Very Frequent,22,$9404.79
711,2022-04-24,12,2022-05-06,90,Very Frequent,22,$56449.68
725,2025-08-24,17,2025-09-10,90,Frequent,76,$39901.94
726,2021-07-04,15,2021-07-19,50,Frequent,3,$1394.25
727,2023-03-19,17,2023-04-05,90,Frequent,40,$23611.67
728,2025-08-03,27,2025-08-30,90,Frequent,54,$9631.68
729,2025-08-17,35,2025-09-21,90,Regular,52,$80254.51
730,2022-03-20,9,2022-03-29,90,Very Frequent,31,$25267.45
762,2022-04-24,86,2022-07-19,50,Occasional,4,$12224.00
767,2025-07-13,118,2025-11-08,90,Rare,12,$9504.28
770,2025-07-13,19,2025-08-01,90,Frequent,76,$8473.31
775,2022-07-03,24,2022-07-27,90,Frequent,16,$6299.06
777,2022-08-07,7,2022-08-14,90,Very Frequent,66,$29407.51
778,2022-06-12,7,2022-06-19,90,Very Frequent,57,$34050.44
792,2021-11-28,102,2022-03-10,50,Rare,3,$3376.89
794,2025-01-05,61,2025-03-07,90,Occasional,15,$6033.56
795,2023-10-08,15,2023-10-23,90,Very Frequent,68,$4084.73
796,2024-04-21,51,2024-06-11,90,Regular,19,$15493.17
797,2025-07-27,20,2025-08-16,90,Frequent,74,$3790.75
798,2021-08-15,20,2021-09-04,70,Frequent,7,$18922.74
832,2022-07-17,25,2022-08-11,70,Frequent,7,$19.38
844,2025-08-24,7,2025-08-31,90,Very Frequent,216,$19507.01
845,2025-08-17,36,2025-09-22,90,Regular,44,$68758.90
899,2022-03-06,7,2022-03-13,90,Very Frequent,13,$28469.71
913,2025-05-25,180,2025-11-21,70,Rare,6,$1284.79
920,2022-06-12,36,2022-07-18,50,Rare,4,$7785.22
992,2025-05-04,34,2025-06-07,90,Regular,31,$5190.66
1009,2025-08-24,163,2026-02-03,90,Rare,12,$4030.86
1035,2024-03-03,67,2024-05-09,90,Regular,25,$10502.46
1049,2021-12-19,27,2022-01-15,50,Frequent,5,$2333.58
1054,2022-03-27,38,2022-05-04,50,Occasional,4,$5506.19
1069,2022-06-05,32,2022-07-07,70,Regular,8,$120761.86
1072,2022-05-29,33,2022-07-01,90,Regular,11,$17264.16
1075,2022-03-20,7,2022-03-27,90,Very Frequent,69,$3990.42
1104,2021-08-15,45,2021-09-29,50,Occasional,4,$982.54
1105,2025-08-24,7,2025-08-31,90,Very Frequent,541,$34222.32
1159,2022-07-24,29,2022-08-22,90,Regular,23,$11095.22
1226,2023-07-30,15,2023-08-14,90,Very Frequent,61,$17731.89
1228,2025-05-11,52,2025-07-02,90,Regular,30,$27534.26
1229,2022-02-06,31,2022-03-09,70,Regular,6,$25452.35
1230,2022-09-18,33,2022-10-21,90,Regular,12,$6336.74
1345,2025-08-17,30,2025-09-16,90,Regular,30,$3428.34
1404,2025-08-03,63,2025-10-05,90,Occasional,33,$8082.38
1408,2025-06-08,48,2025-07-26,90,Regular,38,$2988.41
1413,2022-01-09,23,2022-02-01,70,Regular,7,$8684.33
1472,2025-08-24,43,2025-10-06,90,Regular,29,$46248.35
1577,2025-08-24,7,2025-08-31,90,Very Frequent,188,$50127.20
1588,2025-07-20,8,2025-07-28,90,Very Frequent,224,$7538.88
1690,2022-06-26,9,2022-07-05,90,Very Frequent,87,$21241.17
1825,2023-01-29,71,2023-04-10,90,Regular,26,$1909.29
1828,2020-03-22,22,2020-04-13,90,Frequent,17,$2025.31
2012,2022-05-22,34,2022-06-25,90,Regular,27,$20661.60
2047,2019-10-06,80,2019-12-25,70,Occasional,10,$5006.53
2080,2024-02-18,180,2024-08-16,50,Rare,3,$2992.69
2096,2025-06-15,28,2025-07-13,90,Regular,82,$5503.70
2171,2025-08-24,7,2025-08-31,90,Very Frequent,209,$26086.23
2197,2021-09-19,47,2021-11-05,90,Regular,22,$11437.45
2311,2025-08-24,9,2025-09-02,90,Very Frequent,393,$12885.19
2419,2021-10-24,29,2021-11-22,90,Regular,11,$124.87
2421,2021-02-28,177,2021-08-24,50,Rare,4,$45391.60
2457,2023-01-08,16,2023-01-24,90,Frequent,107,$15770.36
2551,2020-07-19,17,2020-08-05,90,Frequent,55,$6397.88
2593,2022-01-30,180,2022-07-29,50,Rare,3,$9897.01
2655,2022-03-27,8,2022-04-04,90,Very Frequent,184,$6275.09
2663,2024-08-04,180,2025-01-31,70,Rare,8,$5073.28
2713,2022-06-12,48,2022-07-30,90,Regular,39,$4142.11
2717,2025-08-10,25,2025-09-04,90,Frequent,48,$6316.33
2719,2024-11-03,180,2025-05-02,70,Rare,7,$21205.94
2728,2024-04-21,7,2024-04-28,90,Very Frequent,195,$21205.52
2768,2025-08-24,7,2025-08-31,90,Very Frequent,426,$58223.17
2788,2025-07-27,25,2025-08-21,90,Frequent,101,$10940.42
2881,2025-08-24,11,2025-09-04,90,Very Frequent,255,$17942.40
2953,2022-06-19,12,2022-07-01,50,Frequent,5,$10702.22
2954,2024-03-31,120,2024-07-29,70,Rare,6,$452.60
2955,2025-02-02,46,2025-03-20,90,Regular,12,$13396.10
2957,2025-08-24,13,2025-09-06,90,Very Frequent,99,$61972.59
2958,2024-10-27,19,2024-11-15,90,Frequent,49,$22030.97
2997,2024-02-18,18,2024-03-07,90,Frequent,43,$46197.16
3104,2025-08-03,137,2025-12-18,90,Rare,16,$19937.30
3111,2021-10-10,32,2021-11-11,90,Frequent,38,$16327.85
3118,2025-08-24,20,2025-09-13,90,Regular,76,$24322.30
3119,2020-12-13,180,2021-06-11,70,Rare,6,$44504.49
3122,2025-03-16,25,2025-04-10,90,Frequent,111,$14792.80
3132,2021-01-10,49,2021-02-28,90,Regular,26,$8517.30
3222,2022-02-27,180,2022-08-26,70,Rare,8,$5276.74
3225,2024-02-11,70,2024-04-21,90,Regular,52,$104267.24
3323,2021-02-07,76,2021-04-24,90,Occasional,14,$1382.12
3325,2023-09-10,180,2024-03-08,90,Rare,12,$13219.63
3396,2022-10-16,57,2022-12-12,90,Occasional,23,$3809.81
3490,2022-02-13,36,2022-03-21,90,Frequent,56,$13884.56
3493,2025-08-24,9,2025-09-02,90,Very Frequent,259,$37510.39
3496,2022-03-20,23,2022-04-12,90,Frequent,73,$38954.20
3513,2021-01-03,109,2021-04-22,70,Rare,7,$1076.82
3519,2023-12-17,62,2024-02-17,90,Regular,54,$26490.98
3522,2021-10-24,20,2021-11-13,90,Frequent,37,$784.82
3523,2022-02-13,164,2022-07-27,70,Rare,9,$1707.74
3526,2025-08-24,7,2025-08-31,90,Very Frequent,349,$15027.39
3527,2021-06-27,111,2021-10-16,50,Rare,5,$6046.14
3529,2020-12-06,86,2021-03-02,50,Rare,4,$4077.74
3530,2019-12-29,22,2020-01-20,70,Frequent,10,$111.75
3553,2021-10-31,177,2022-04-26,70,Rare,9,$4111.11
3590,2025-08-03,17,2025-08-20,90,Frequent,139,$36307.41
3595,2022-06-12,157,2022-11-16,50,Rare,4,$2182.27
3620,2022-11-27,104,2023-03-11,90,Occasional,18,$7885.24
3693,2025-05-04,9,2025-05-13,90,Very Frequent,158,$63616.35
3695,2021-07-18,42,2021-08-29,90,Regular,34,$112768.67
3696,2022-08-14,8,2022-08-22,90,Very Frequent,221,$70180.57
3719,2020-01-26,70,2020-04-05,50,Rare,4,$5552.10
3786,2022-02-20,8,2022-02-28,70,Very Frequent,6,$6776.88
3788,2025-08-24,7,2025-08-31,90,Very Frequent,167,$12520.30
3811,2022-03-20,28,2022-04-17,90,Frequent,12,$3800.31
3818,2022-09-04,7,2022-09-11,90,Very Frequent,57,$12172.98
3824,2025-08-10,30,2025-09-09,90,Regular,76,$44000.02
3865,2021-06-20,12,2021-07-02,70,Very Frequent,6,$8615.59
3956,2025-08-24,7,2025-08-31,90,Very Frequent,200,$25440.57
4026,2025-08-24,18,2025-09-11,90,Frequent,140,$15557.52
4031,2025-08-24,82,2025-11-14,90,Occasional,35,$11324.96
4071,2024-05-12,180,2024-11-08,70,Rare,8,$6826.84
4073,2024-05-19,180,2024-11-15,70,Rare,9,$5719.95
4088,2025-08-03,112,2025-11-23,90,Rare,23,$4122.98
4093,2024-08-25,34,2024-09-28,90,Regular,76,$3852.03
4096,2024-02-25,139,2024-07-13,70,Rare,7,$2984.77
4132,2025-08-24,7,2025-08-31,90,Very Frequent,295,$23595.07
4137,2025-07-20,14,2025-08-03,90,Frequent,80,$2013.67
4138,2025-08-24,7,2025-08-31,90,Very Frequent,428,$62096.81
4205,2021-03-07,23,2021-03-30,90,Frequent,55,$36789.31
4220,2022-03-27,16,2022-04-12,90,Frequent,13,$14289.35
4226,2025-04-20,106,2025-08-04,90,Rare,11,$7561.58
4239,2022-09-18,180,2023-03-17,50,Rare,3,$873.38
4240,2022-03-06,22,2022-03-28,90,Frequent,13,$3375.33
4241,2025-05-04,46,2025-06-19,90,Regular,33,$1919.77
4242,2025-05-11,72,2025-07-22,90,Occasional,23,$17055.82
4244,2025-06-01,167,2025-11-15,70,Rare,9,$5586.65
4305,2018-09-23,63,2018-11-25,50,Occasional,4,$180.42
4313,2025-08-17,10,2025-08-27,90,Very Frequent,17,$17885.80
4352,2025-08-31,7,2025-09-07,90,Very Frequent,190,$487937.97
4463,2025-08-24,9,2025-09-02,90,Very Frequent,135,$21846.71
4464,2025-06-29,40,2025-08-08,90,Regular,25,$8830.13
4607,2021-08-29,53,2021-10-21,90,Regular,24,$167.17
4647,2022-02-20,7,2022-02-27,90,Very Frequent,178,$21898.47
4650,2023-03-26,180,2023-09-22,50,Rare,5,$20785.15
4653,2024-05-26,7,2024-06-02,90,Very Frequent,457,$26326.77
4654,2020-10-18,16,2020-11-03,90,Very Frequent,74,$5537.79
4661,2025-07-13,180,2026-01-09,90,Rare,12,$566.57
4697,2018-09-30,7,2018-10-07,90,Very Frequent,42,$33548.12
4700,2022-05-22,7,2022-05-29,90,Very Frequent,328,$54436.35
4708,2024-03-17,7,2024-03-24,90,Very Frequent,458,$27578.18
4709,2022-03-13,8,2022-03-21,90,Very Frequent,199,$74719.40
4715,2020-03-22,9,2020-03-31,90,Very Frequent,103,$3076.59
4716,2025-07-27,65,2025-09-30,90,Occasional,39,$2341.82
4717,2020-08-02,12,2020-08-14,50,Very Frequent,3,$22471.75
4718,2022-06-12,39,2022-07-21,90,Regular,44,$33912.88
4724,2019-09-29,7,2019-10-06,90,Very Frequent,88,$34340.07
4726,2022-05-15,23,2022-06-07,90,Frequent,75,$26853.72
4730,2024-03-24,7,2024-03-31,90,Very Frequent,199,$14389.06
4792,2022-09-25,94,2022-12-28,90,Occasional,17,$34123.79
4802,2021-02-21,180,2021-08-20,70,Rare,10,$70929.78
4816,2022-08-21,43,2022-10-03,90,Regular,16,$10583.02
4822,2020-08-16,75,2020-10-30,90,Regular,21,$3133.73
4831,2025-08-03,9,2025-08-12,90,Very Frequent,117,$37118.84
4859,2022-08-14,7,2022-08-21,90,Very Frequent,307,$416195.07
4862,2022-02-06,33,2022-03-11,90,Regular,46,$17311.18
4942,2025-08-03,180,2026-01-30,50,Rare,3,$2624.69
4959,2021-01-31,33,2021-03-05,50,Regular,4,$8730.52
4977,2025-08-10,7,2025-08-17,90,Very Frequent,193,$22011.82
5045,2025-07-27,13,2025-08-09,90,Very Frequent,266,$16828.48
5122,2021-12-12,180,2022-06-10,70,Rare,8,$5329.77
5169,2022-08-07,43,2022-09-19,90,Regular,44,$11675.58
5174,2022-02-20,8,2022-02-28,90,Very Frequent,170,$34820.41
5182,2025-03-30,58,2025-05-27,90,Regular,21,$73037.88
5196,2021-10-10,42,2021-11-21,90,Regular,31,$270.01
5197,2022-06-05,18,2022-06-23,90,Frequent,19,$132192.63
5264,2025-08-10,44,2025-09-23,90,Regular,26,$26191.66
5430,2022-11-27,7,2022-12-04,90,Very Frequent,318,$63183.55
5431,2021-04-18,16,2021-05-04,90,Frequent,45,$339.98
5435,2020-05-17,81,2020-08-06,70,Occasional,8,$10729.36
5436,2020-08-23,72,2020-11-03,90,Regular,24,$6450.10
5461,2021-01-10,62,2021-03-13,90,Regular,14,$1832.41
5551,2025-08-03,42,2025-09-14,90,Regular,27,$14121.46
5552,2025-03-30,25,2025-04-24,90,Frequent,115,$3188.41
5554,2021-03-14,7,2021-03-21,90,Very Frequent,76,$8474.48
5558,2022-02-20,98,2022-05-29,90,Occasional,19,$2031.81
5559,2024-01-14,76,2024-03-30,90,Occasional,36,$8259.87
5560,2025-05-25,75,2025-08-08,90,Regular,56,$8512.21
5561,2024-02-04,157,2024-07-10,70,Rare,6,$8783.67
5562,2023-06-25,180,2023-12-22,90,Rare,11,$21295.72
5575,2020-09-06,79,2020-11-24,50,Rare,4,$1195.16
5576,2022-06-19,7,2022-06-26,90,Very Frequent,299,$25597.22
5580,2025-08-24,7,2025-08-31,90,Very Frequent,1085,$32533.34
5585,2025-08-24,8,2025-09-01,90,Very Frequent,302,$44380.84
5587,2018-12-09,126,2019-04-14,50,Rare,4,$24926.68
5594,2021-03-28,17,2021-04-14,90,Very Frequent,102,$15010.02
5601,2025-08-24,7,2025-08-31,90,Very Frequent,189,$26277.52
5616,2020-05-10,105,2020-08-23,50,Rare,3,$123.64
5617,2021-12-19,51,2022-02-08,90,Regular,29,$2567.61
5618,2022-03-20,42,2022-05-01,90,Occasional,23,$1955.25
5654,2021-04-11,180,2021-10-08,50,Rare,3,$75020.19
5656,2023-09-24,180,2024-03-22,70,Rare,7,$4335.28
5659,2025-08-24,13,2025-09-06,90,Frequent,161,$15342.27
5661,2022-03-13,7,2022-03-20,90,Very Frequent,111,$23064.83
5669,2022-03-27,27,2022-04-23,90,Regular,24,$22241.85
5676,2023-04-09,23,2023-05-02,90,Frequent,126,$4125.57
5703,2022-09-18,9,2022-09-27,90,Very Frequent,185,$56758.62
5707,2022-07-31,180,2023-01-27,50,Rare,3,$6790.45
5713,2025-08-24,7,2025-08-31,90,Very Frequent,233,$33414.23
5716,2025-06-22,16,2025-07-08,50,Regular,4,$2588.15
5725,2025-08-24,10,2025-09-03,90,Very Frequent,125,$17293.14
5762,2025-08-24,21,2025-09-14,90,Frequent,131,$30527.17
5766,2018-09-02,52,2018-10-24,50,Occasional,3,$3726.17
5767,2023-12-17,75,2024-03-01,90,Occasional,30,$6348.16
5768,2023-02-05,19,2023-02-24,90,Frequent,124,$5770.64
5769,2025-08-24,15,2025-09-08,90,Frequent,179,$44389.42
5772,2025-08-17,9,2025-08-26,90,Very Frequent,375,$12180.20
5776,2022-02-20,13,2022-03-05,90,Very Frequent,113,$3378.01
5778,2025-07-27,26,2025-08-22,90,Frequent,131,$41228.59
5779,2025-08-24,12,2025-09-05,90,Frequent,182,$35682.88
5782,2025-03-09,180,2025-09-05,90,Rare,12,$4434.06
5783,2022-08-28,83,2022-11-19,90,Occasional,25,$14841.36
5784,2025-07-27,16,2025-08-12,90,Frequent,182,$147889.11
5788,2024-06-16,180,2024-12-13,70,Rare,9,$5007.82
5789,2021-10-31,26,2021-11-26,90,Frequent,58,$38.19
5790,2025-08-10,11,2025-08-21,90,Very Frequent,254,$18264.16
5791,2021-04-25,148,2021-09-20,90,Rare,12,$3612.99
5794,2022-07-10,9,2022-07-19,90,Very Frequent,174,$152362.27
5847,2021-05-16,39,2021-06-24,90,Regular,34,$2908.64
5854,2023-12-10,58,2024-02-06,90,Rare,19,$2231.12
5855,2021-04-18,82,2021-07-09,90,Occasional,18,$2194.92
5881,2025-08-24,7,2025-08-31,90,Very Frequent,213,$59005.17
5888,2022-03-27,7,2022-04-03,90,Very Frequent,236,$66050.84
5891,2025-08-10,13,2025-08-23,90,Very Frequent,12,$9907.28
5963,2025-08-24,59,2025-10-22,90,Occasional,12,$24394.34
6081,2024-02-25,27,2024-03-23,90,Frequent,20,$24771.59
6147,2021-10-31,33,2021-12-03,90,Regular,34,$1464.02
6151,2025-06-01,109,2025-09-18,90,Rare,21,$108327.84
6175,2018-10-28,35,2018-12-02,70,Regular,9,$12697.58
6190,2025-08-10,55,2025-10-04,90,Regular,66,$6287.38
6258,2018-03-18,7,2018-03-25,50,Very Frequent,4,$3331.84
6259,2022-05-01,8,2022-05-09,90,Very Frequent,169,$22805.60
6267,2025-08-24,73,2025-11-05,90,Occasional,30,$2463.96
6289,2025-08-10,152,2026-01-09,90,Rare,21,$2455.41
6305,2021-09-12,59,2021-11-10,90,Occasional,21,$178.30
6311,2025-08-24,154,2026-01-25,90,Rare,14,$11233.00
6312,2021-06-27,7,2021-07-04,90,Very Frequent,123,$29441.29
6314,2025-05-25,61,2025-07-25,90,Occasional,16,$38380.84
6321,2025-08-17,11,2025-08-28,90,Very Frequent,270,$36696.78
6324,2025-07-13,17,2025-07-30,90,Frequent,155,$17752.21
6326,2023-09-10,73,2023-11-22,50,Rare,5,$19090.22
6327,2018-07-15,11,2018-07-26,90,Very Frequent,20,$22420.25
6330,2022-03-27,42,2022-05-08,90,Regular,38,$5175.70
6331,2021-05-16,17,2021-06-02,90,Frequent,77,$11219.44
6332,2025-05-18,75,2025-08-01,90,Occasional,38,$10117.92
6335,2025-07-27,66,2025-10-01,90,Occasional,41,$23618.24
6336,2022-06-05,30,2022-07-05,90,Regular,46,$20040.56
6337,2022-07-31,43,2022-09-12,50,Regular,3,$120579.79
6341,2024-01-28,30,2024-02-27,90,Regular,73,$22925.57
6400,2022-07-24,13,2022-08-06,90,Very Frequent,114,$25278.16
6401,2025-06-15,42,2025-07-27,90,Regular,73,$27111.49
6429,2022-03-20,29,2022-04-18,90,Regular,51,$11566.88
6438,2025-08-17,71,2025-10-27,90,Regular,31,$6162.99
6460,2024-12-15,36,2025-01-20,90,Regular,24,$2170.46
6462,2025-06-22,12,2025-07-04,90,Very Frequent,117,$17482.88
6521,2020-08-09,61,2020-10-09,90,Regular,16,$3917.96
6523,2022-08-14,8,2022-08-22,90,Very Frequent,163,$96012.13
6524,2025-08-24,24,2025-09-17,90,Frequent,45,$6312.68
6526,2023-07-30,19,2023-08-18,50,Regular,4,$777.37
6541,2025-08-10,27,2025-09-06,90,Regular,25,$31185.36
6550,2025-08-24,7,2025-08-31,90,Very Frequent,285,$12237.31
6551,2024-03-24,45,2024-05-08,90,Regular,14,$32689.01
6552,2025-08-24,8,2025-09-01,90,Very Frequent,169,$86304.90
6554,2025-08-24,9,2025-09-02,90,Very Frequent,132,$12453.68
6567,2021-12-19,8,2021-12-27,90,Very Frequent,191,$39657.68
6587,2025-07-27,180,2026-01-23,50,Rare,3,$3492.88
6608,2022-12-11,38,2023-01-18,50,Regular,3,$62177.99
6623,2022-07-24,14,2022-08-07,90,Frequent,100,$45373.00
6664,2019-06-09,26,2019-07-05,50,Frequent,3,$8246.01
6668,2021-11-28,90,2022-02-26,90,Rare,14,$13957.92
6677,2021-08-15,38,2021-09-22,90,Regular,39,$6006.27
6682,2019-04-21,49,2019-06-09,70,Regular,6,$1239.77
6735,2025-08-17,13,2025-08-30,90,Very Frequent,107,$13713.69
6737,2025-07-06,7,2025-07-13,90,Very Frequent,240,$14556.79
6753,2022-04-03,47,2022-05-20,90,Regular,38,$1421.95
6754,2021-06-13,55,2021-08-07,90,Regular,29,$4829.10
6772,2022-10-30,7,2022-11-06,90,Very Frequent,37,$46198.20
6773,2025-08-03,180,2026-01-30,50,Rare,5,$1488.16
6775,2024-06-02,105,2024-09-15,90,Rare,26,$5298.19
6777,2022-03-27,14,2022-04-10,90,Very Frequent,111,$21902.77
6778,2020-08-30,107,2020-12-15,70,Rare,9,$1476.39
6779,2022-06-26,7,2022-07-03,90,Very Frequent,238,$92685.04
6823,2024-03-03,26,2024-03-29,90,Frequent,27,$9734.69
6824,2025-07-06,27,2025-08-02,90,Frequent,40,$390.29
6825,2025-06-08,17,2025-06-25,90,Very Frequent,73,$101752.66
6827,2025-02-16,180,2025-08-15,50,Rare,3,$22657.66
6844,2025-06-22,46,2025-08-07,90,Regular,29,$5396.07
6845,2022-05-22,28,2022-06-19,90,Regular,29,$5401.76
6916,2019-09-15,7,2019-09-22,90,Very Frequent,63,$38909.94
6935,2025-06-15,64,2025-08-18,90,Regular,39,$2223.74
6941,2019-10-20,73,2020-01-01,90,Occasional,11,$3420.94
7000,2021-11-21,145,2022-04-15,70,Rare,6,$14523.10
7006,2022-05-08,11,2022-05-19,70,Frequent,6,$13227.37
7008,2022-05-01,11,2022-05-12,90,Frequent,99,$37481.13
7011,2022-07-10,7,2022-07-17,90,Very Frequent,332,$41355.24
7013,2021-04-25,180,2021-10-22,50,Rare,4,$205.41
7015,2024-09-29,85,2024-12-23,70,Occasional,10,$13399.40
7016,2020-10-04,98,2021-01-10,90,Occasional,12,$3797.14
7017,2022-08-28,7,2022-09-04,90,Very Frequent,395,$20115.66
7024,2019-09-29,10,2019-10-09,90,Very Frequent,59,$106756.54
7025,2025-02-16,117,2025-06-13,90,Rare,29,$19868.05
7052,2025-08-24,32,2025-09-25,90,Regular,32,$2189.08
7111,2024-05-26,180,2024-11-22,70,Rare,10,$6920.16
7296,2025-08-24,7,2025-08-31,90,Very Frequent,449,$61141.94
7309,2025-08-24,7,2025-08-31,90,Very Frequent,229,$14872.43
7440,2025-06-15,113,2025-10-06,90,Rare,14,$4109.26
7446,2020-02-02,22,2020-02-24,50,Frequent,5,$21554.23
7448,2022-04-24,7,2022-05-01,90,Very Frequent,245,$56899.18
7473,2022-07-10,48,2022-08-27,90,Regular,12,$18530.41
7497,2025-08-03,14,2025-08-17,90,Frequent,106,$12074.27
7499,2020-05-24,92,2020-08-24,90,Occasional,13,$5915.66
7501,2025-07-20,9,2025-07-29,90,Very Frequent,315,$12733.03
7502,2022-05-15,7,2022-05-22,90,Very Frequent,194,$45685.30
7506,2024-03-31,7,2024-04-07,90,Very Frequent,368,$6854.81
7516,2021-04-18,14,2021-05-02,90,Very Frequent,89,$17053.67
7521,2019-03-31,26,2019-04-26,90,Frequent,17,$9801.77
7523,2022-04-24,7,2022-05-01,90,Very Frequent,132,$66212.00
7525,2021-03-28,48,2021-05-15,90,Regular,34,$182.77
7528,2024-11-17,7,2024-11-24,90,Very Frequent,574,$27759.89
7535,2025-07-27,15,2025-08-11,90,Frequent,159,$14815.33
7537,2022-05-22,7,2022-05-29,90,Very Frequent,219,$53164.17
7538,2020-02-16,7,2020-02-23,90,Very Frequent,111,$21550.22
7539,2025-03-23,180,2025-09-19,50,Rare,4,$8720.56
7567,2025-08-24,8,2025-09-01,90,Very Frequent,157,$61732.30
7610,2025-08-24,54,2025-10-17,90,Occasional,13,$17835.81
7618,2024-08-18,24,2024-09-11,90,Frequent,147,$27145.89
7651,2022-03-20,7,2022-03-27,90,Very Frequent,67,$16407.52
7661,2021-07-18,25,2021-08-12,70,Regular,7,$100954.87
7690,2025-08-24,17,2025-09-10,90,Frequent,76,$6283.72
7701,2020-10-25,180,2021-04-23,50,Rare,4,$1936.85
7762,2023-12-10,49,2024-01-28,90,Regular,20,$25783.84
7839,2023-06-04,157,2023-11-08,90,Rare,17,$4184.78
7840,2022-02-06,56,2022-04-03,90,Occasional,21,$3025.29
7842,2021-04-11,77,2021-06-27,90,Occasional,15,$3074.66
7861,2025-06-01,42,2025-07-13,90,Regular,31,$13991.71
7945,2024-06-16,180,2024-12-13,50,Rare,4,$38730.90
7957,2020-09-27,29,2020-10-26,70,Regular,7,$29397.61
7959,2021-05-09,180,2021-11-05,50,Rare,3,$107.35
8016,2018-08-05,53,2018-09-27,50,Regular,5,$3369.36
8131,2025-03-02,180,2025-08-29,90,Rare,22,$15204.91
8140,2023-04-23,180,2023-10-20,50,Rare,3,$13855.69
8141,2025-08-03,28,2025-08-31,90,Regular,86,$23467.35
8142,2022-05-22,17,2022-06-08,90,Frequent,90,$13603.36
8147,2025-08-24,27,2025-09-20,90,Regular,93,$4704.94
8148,2025-02-09,180,2025-08-08,70,Rare,9,$21499.86
8150,2022-03-06,8,2022-03-14,90,Very Frequent,228,$9325.61
8156,2025-08-17,10,2025-08-27,90,Very Frequent,307,$62471.28
8161,2021-05-23,145,2021-10-15,70,Rare,8,$195.29
8162,2022-04-24,16,2022-05-10,90,Frequent,89,$36095.87
8164,2025-06-08,121,2025-10-07,90,Rare,28,$8609.33
8169,2025-08-24,108,2025-12-10,50,Rare,4,$4544.04
8178,2022-04-24,11,2022-05-05,90,Very Frequent,168,$61530.63
8180,2025-07-20,36,2025-08-25,90,Regular,78,$2014.28
8225,2025-08-10,14,2025-08-24,90,Very Frequent,174,$2832.65
8256,2025-08-24,9,2025-09-02,90,Very Frequent,116,$6778.19
8280,2023-01-01,31,2023-02-01,90,Frequent,72,$87479.33
8288,2025-07-27,27,2025-08-23,90,Regular,54,$3786.67
8374,2023-06-04,22,2023-06-26,90,Frequent,19,$6544.64
8410,2022-05-01,52,2022-06-22,70,Rare,9,$4283.80
8423,2025-01-26,83,2025-04-19,90,Regular,11,$42473.38
8429,2023-11-12,68,2024-01-19,70,Occasional,10,$2608.83
8460,2023-12-17,76,2024-03-02,90,Occasional,14,$1821.74
8486,2022-05-15,47,2022-07-01,90,Regular,42,$4598.64
8492,2023-11-19,180,2024-05-17,70,Rare,10,$10558.47
8496,2025-08-03,28,2025-08-31,90,Frequent,38,$17502.44
8501,2025-07-13,7,2025-07-20,90,Very Frequent,256,$9690.23
8507,2025-07-27,56,2025-09-21,90,Regular,48,$2233.57
8510,2025-03-23,51,2025-05-13,90,Regular,23,$12505.48
8547,2018-09-16,24,2018-10-10,70,Regular,8,$1867.08
8555,2025-03-16,45,2025-04-30,70,Rare,9,$20611.01
8558,2024-08-04,39,2024-09-12,90,Occasional,13,$4289.95
8559,2022-12-25,49,2023-02-12,50,Occasional,3,$17876.13
8579,2022-05-29,180,2022-11-25,70,Rare,7,$10313.19
8590,2025-08-24,28,2025-09-21,90,Regular,35,$42614.40
8594,2019-01-06,53,2019-02-28,70,Regular,7,$4532.24
8619,2025-04-20,180,2025-10-17,50,Rare,5,$9488.52
8620,2023-10-08,7,2023-10-15,90,Very Frequent,80,$24518.32
8622,2025-07-27,74,2025-10-09,90,Occasional,14,$7707.68
8623,2025-08-03,12,2025-08-15,90,Very Frequent,93,$6132.35
8624,2023-05-14,22,2023-06-05,90,Frequent,11,$13494.15
8625,2025-03-23,139,2025-08-09,70,Rare,10,$1945.39
8626,2024-03-24,7,2024-03-31,90,Very Frequent,168,$22914.54
8627,2025-06-29,107,2025-10-14,90,Rare,12,$18436.75
8628,2025-07-06,17,2025-07-23,90,Frequent,59,$11671.86
8715,2020-05-24,102,2020-09-03,70,Rare,6,$1066.93
8720,2022-01-16,25,2022-02-10,90,Frequent,72,$23374.09
8734,2022-08-14,7,2022-08-21,90,Very Frequent,240,$78542.84
8738,2022-03-27,21,2022-04-17,90,Frequent,90,$6528.26
8740,2022-03-13,79,2022-05-31,90,Occasional,22,$10402.87
8741,2019-08-18,65,2019-10-22,70,Occasional,7,$1780.62
8742,2025-02-23,14,2025-03-09,90,Frequent,66,$15064.75
8747,2023-07-16,34,2023-08-19,90,Regular,17,$7376.16
8750,2022-01-30,113,2022-05-23,70,Rare,8,$28223.18
8751,2021-11-21,176,2022-05-16,70,Rare,7,$15042.21
8818,2025-02-16,180,2025-08-15,50,Rare,5,$484.50
8822,2025-04-20,180,2025-10-17,70,Rare,7,$6215.87
8893,2023-10-15,180,2024-04-12,70,Rare,6,$40367.86
8939,2021-09-19,180,2022-03-18,50,Rare,3,$32045.10
8945,2023-05-14,164,2023-10-25,90,Rare,11,$884.53
9011,2018-09-23,10,2018-10-03,90,Very Frequent,28,$11494.01
9116,2024-12-08,29,2025-01-06,90,Frequent,104,$15166.72
9122,2025-08-24,10,2025-09-03,90,Very Frequent,145,$41980.79
9123,2025-08-24,7,2025-08-31,90,Very Frequent,154,$73493.62
9124,2025-08-17,11,2025-08-28,90,Very Frequent,117,$13602.81
9126,2025-06-08,18,2025-06-26,90,Frequent,79,$26907.81
9127,2025-08-17,12,2025-08-29,90,Very Frequent,115,$4853.56
9128,2022-10-30,15,2022-11-14,90,Very Frequent,38,$65785.98
9129,2025-08-17,31,2025-09-17,90,Regular,40,$11935.93
9130,2025-08-03,32,2025-09-04,90,Frequent,43,$35383.06
9131,2025-06-22,38,2025-07-30,90,Regular,26,$104497.44
9205,2025-08-03,25,2025-08-28,90,Frequent,95,$7845.96
9280,2024-01-28,180,2024-07-26,70,Rare,9,$9940.63
9330,2020-05-10,180,2020-11-06,50,Rare,3,$486.20
9354,2022-03-06,10,2022-03-16,90,Very Frequent,31,$13289.32
9355,2020-08-30,180,2021-02-26,50,Rare,3,$1002.45
9356,2021-12-19,7,2021-12-26,90,Very Frequent,291,$20579.08
9361,2022-06-26,9,2022-07-05,90,Very Frequent,212,$32256.06
9362,2025-08-17,88,2025-11-13,90,Occasional,33,$17778.75
9367,2020-02-16,160,2020-07-25,70,Rare,7,$153.55
9408,2025-08-17,68,2025-10-24,90,Occasional,43,$11741.40
9420,2024-09-22,180,2025-03-21,70,Rare,6,$14987.57
9439,2023-04-23,65,2023-06-27,90,Occasional,25,$2613.80
9510,2024-12-01,180,2025-05-30,70,Rare,7,$8329.87
9517,2025-08-17,23,2025-09-09,90,Frequent,124,$3920.56
9518,2021-05-02,51,2021-06-22,90,Regular,31,$41875.70
9519,2021-05-02,22,2021-05-24,90,Frequent,58,$10664.79
9522,2025-02-23,180,2025-08-22,70,Rare,9,$3523.54
9526,2025-06-22,24,2025-07-16,90,Frequent,121,$20012.02
9528,2025-08-24,7,2025-08-31,90,Very Frequent,414,$14421.68
9530,2022-05-29,15,2022-06-13,90,Very Frequent,113,$30856.20
9534,2025-04-27,36,2025-06-02,90,Regular,76,$47771.22
9561,2020-07-26,65,2020-09-29,50,Rare,4,$3235.95
9570,2025-08-24,10,2025-09-03,90,Very Frequent,56,$64922.61
9589,2024-01-28,171,2024-07-17,70,Rare,6,$14265.58
9640,2021-01-10,180,2021-07-09,50,Rare,3,$887.74
9666,2025-07-27,21,2025-08-17,90,Frequent,45,$5488.92
9786,2025-08-10,24,2025-09-03,90,Regular,27,$38915.54
9799,2025-08-24,9,2025-09-02,90,Very Frequent,96,$73147.04
9801,2025-08-24,9,2025-09-02,90,Very Frequent,263,$139604.86
9833,2024-09-08,161,2025-02-16,70,Rare,9,$5039.67
9885,2025-08-03,14,2025-08-17,90,Very Frequent,85,$11784.08
9886,2025-08-24,7,2025-08-31,90,Very Frequent,249,$31748.75
9954,2019-05-12,30,2019-06-11,50,Occasional,5,$774.93
9955,2020-07-12,21,2020-08-02,50,Frequent,4,$80.08
9957,2022-03-06,15,2022-03-21,90,Very Frequent,112,$4905.08
9966,2021-09-05,12,2021-09-17,90,Very Frequent,124,$124250.80
9975,2020-08-16,180,2021-02-12,50,Rare,3,$186.61
9976,2025-08-24,7,2025-08-31,90,Very Frequent,521,$11756.39
9979,2025-08-24,9,2025-09-02,90,Very Frequent,276,$20568.04
9982,2022-03-20,7,2022-03-27,90,Very Frequent,294,$74887.85
9986,2025-08-24,8,2025-09-01,90,Very Frequent,260,$18977.03
9999,2022-12-04,117,2023-03-31,90,Rare,11,$9139.99
10014,2025-08-17,7,2025-08-24,90,Very Frequent,202,$11244.44
10019,2025-05-11,21,2025-06-01,90,Frequent,112,$425.95
10061,2025-08-24,10,2025-09-03,90,Very Frequent,102,$21299.09
10075,2020-02-02,47,2020-03-20,50,Rare,4,$64.01
10096,2021-01-24,105,2021-05-09,70,Rare,8,$413.18
10149,2022-07-03,162,2022-12-12,70,Rare,6,$8655.61
10237,2023-06-04,60,2023-08-03,90,Regular,42,$17445.84
10336,2022-03-27,20,2022-04-16,90,Frequent,93,$19731.09
10343,2025-08-24,69,2025-11-01,90,Occasional,34,$25414.10
10350,2025-07-27,35,2025-08-31,90,Regular,86,$1192.04
10352,2022-06-05,35,2022-07-10,90,Regular,30,$29581.22
10400,2019-04-07,54,2019-05-31,50,Rare,4,$18494.17
10402,2025-02-16,180,2025-08-15,90,Rare,11,$1950.16
10406,2025-08-24,20,2025-09-13,90,Frequent,155,$32637.09
10408,2018-09-30,36,2018-11-05,70,Regular,8,$41983.73
10410,2019-03-10,147,2019-08-04,50,Rare,4,$558.98
10411,2020-04-19,83,2020-07-11,50,Rare,4,$20285.34
10412,2025-06-01,37,2025-07-08,90,Regular,58,$107031.72
10424,2021-05-30,11,2021-06-10,90,Very Frequent,124,$48351.35
10425,2025-08-24,10,2025-09-03,90,Very Frequent,248,$37121.77
10427,2025-08-24,9,2025-09-02,90,Very Frequent,374,$27773.95
10430,2023-07-23,72,2023-10-03,90,Rare,19,$36357.61
10435,2021-10-31,68,2022-01-07,90,Occasional,18,$92.35
10437,2025-06-22,28,2025-07-20,90,Frequent,109,$8994.30
10438,2025-03-30,97,2025-07-05,90,Rare,29,$32569.82
10442,2025-08-24,29,2025-09-22,90,Frequent,97,$98186.68
10447,2025-08-24,17,2025-09-10,70,Frequent,7,$16464.83
10450,2022-03-20,32,2022-04-21,90,Frequent,64,$9270.74
10467,2022-04-24,24,2022-05-18,90,Regular,16,$2544.80
10468,2025-08-10,11,2025-08-21,90,Very Frequent,127,$48447.77
10477,2025-07-20,26,2025-08-15,90,Frequent,108,$4596.25
10518,2025-08-10,14,2025-08-24,90,Very Frequent,59,$5677.67
10536,2024-03-24,15,2024-04-08,70,Frequent,9,$4528.27
10555,2025-08-24,7,2025-08-31,90,Very Frequent,111,$29246.72
10560,2020-05-24,69,2020-08-01,90,Regular,16,$7074.44
10565,2025-08-24,8,2025-09-01,90,Very Frequent,382,$141351.57
10590,2020-07-12,156,2020-12-15,50,Rare,5,$255.85
10620,2019-09-29,17,2019-10-16,90,Very Frequent,56,$8390.36
10622,2025-02-16,99,2025-05-26,70,Rare,9,$3841.99
10631,2019-06-16,8,2019-06-24,90,Very Frequent,67,$2895.10
10635,2021-06-27,168,2021-12-12,70,Rare,6,$6852.35
10640,2022-11-27,8,2022-12-05,50,Very Frequent,4,$749.95
10653,2025-08-24,7,2025-08-31,90,Very Frequent,154,$85491.92
10655,2023-10-08,29,2023-11-06,90,Frequent,22,$115650.37
10658,2022-05-22,7,2022-05-29,50,Very Frequent,5,$16046.94
10689,2024-10-06,180,2025-04-04,70,Rare,10,$1260.87
10691,2021-10-24,55,2021-12-18,90,Occasional,20,$13993.65
10692,2021-04-11,18,2021-04-29,90,Frequent,51,$14506.97
10696,2023-03-05,39,2023-04-13,70,Regular,6,$32874.81
10704,2025-05-18,130,2025-09-25,70,Rare,8,$10452.43
10716,2025-06-08,9,2025-06-17,90,Very Frequent,113,$32854.17
10736,2021-08-01,115,2021-11-24,90,Occasional,15,$1082.66
10756,2022-05-01,20,2022-05-21,90,Frequent,41,$7529.47
10769,2019-04-28,44,2019-06-11,70,Regular,9,$5158.03
10778,2021-05-30,19,2021-06-18,90,Frequent,74,$103810.48
10779,2025-04-27,106,2025-08-11,90,Occasional,34,$1733.37
10783,2022-05-22,13,2022-06-04,90,Very Frequent,113,$9686.67
10784,2023-02-12,9,2023-02-21,90,Very Frequent,225,$20671.83
10786,2020-02-16,10,2020-02-26,90,Very Frequent,85,$47976.45
10787,2021-06-13,13,2021-06-26,90,Very Frequent,101,$153.96
10788,2025-08-17,18,2025-09-04,90,Very Frequent,248,$49531.85
10791,2019-12-29,24,2020-01-22,90,Regular,23,$3865.14
10796,2023-01-22,127,2023-05-29,50,Rare,3,$11615.79
10840,2025-08-10,14,2025-08-24,90,Very Frequent,69,$7262.16
10932,2020-12-06,14,2020-12-20,90,Very Frequent,79,$28576.51
10958,2023-11-26,8,2023-12-04,90,Very Frequent,306,$129358.93
11143,2023-11-26,56,2024-01-21,90,Occasional,18,$142020.12
11148,2020-03-15,29,2020-04-13,50,Frequent,5,$388.59
11170,2020-12-06,28,2021-01-03,50,Frequent,4,$38715.68
11182,2021-03-07,9,2021-03-16,50,Very Frequent,3,$1646.28
11183,2023-11-26,12,2023-12-08,90,Very Frequent,88,$1683.23
11187,2023-11-26,9,2023-12-05,90,Very Frequent,89,$47159.08
11203,2022-03-13,13,2022-03-26,70,Very Frequent,9,$987.92
11204,2022-07-03,24,2022-07-27,50,Occasional,4,$2084.53
11465,2025-08-24,14,2025-09-07,90,Very Frequent,46,$68814.33
11908,2025-08-03,30,2025-09-02,90,Regular,16,$28406.13
11910,2025-08-10,39,2025-09-18,90,Regular,13,$34196.73
11925,2025-08-10,75,2025-10-24,70,Occasional,10,$26228.66
11940,2025-08-03,101,2025-11-12,70,Occasional,9,$34013.33
11945,2025-07-06,95,2025-10-09,70,Occasional,8,$12589.02
11953,2025-08-17,42,2025-09-28,90,Regular,16,$13049.72
11961,2025-08-24,164,2026-02-04,50,Rare,5,$4809.26
11975,2025-03-23,74,2025-06-05,70,Occasional,6,$3722.64
11976,2025-07-20,63,2025-09-21,70,Occasional,8,$2771.35
11981,2025-07-27,24,2025-08-20,90,Frequent,22,$21871.48
11984,2025-07-27,115,2025-11-19,70,Rare,6,$53238.54
11989,2025-08-24,13,2025-09-06,90,Very Frequent,59,$65479.80
12007,2024-06-16,23,2024-07-09,70,Frequent,7,$61883.30
12016,2025-04-27,67,2025-07-03,70,Regular,8,$46339.14
12027,2025-08-24,71,2025-11-03,70,Rare,7,$39416.02
12031,2025-05-04,17,2025-05-21,90,Frequent,30,$797.68
12039,2025-07-27,15,2025-08-11,90,Very Frequent,47,$17626.83
12051,2025-07-13,81,2025-10-02,70,Occasional,8,$4760.08
12052,2025-08-24,46,2025-10-09,90,Regular,15,$28375.92
12058,2025-08-10,76,2025-10-25,70,Occasional,7,$1941.64
12067,2025-02-09,118,2025-06-07,50,Rare,5,$8325.23
12069,2025-07-13,43,2025-08-25,90,Regular,18,$22363.47
12073,2025-02-16,54,2025-04-11,50,Occasional,3,$10105.14
12077,2025-08-03,56,2025-09-28,70,Occasional,10,$78068.81
12082,2025-07-27,180,2026-01-23,50,Rare,3,$8244.78
12101,2025-08-10,43,2025-09-22,90,Regular,16,$11931.84
12119,2025-08-24,25,2025-09-18,90,Regular,18,$12579.66
12124,2025-08-24,22,2025-09-15,70,Frequent,6,$7217.01
12125,2025-07-20,66,2025-09-24,50,Rare,4,$7066.56
12141,2025-07-20,71,2025-09-29,70,Occasional,9,$14214.24
12142,2025-08-03,11,2025-08-14,50,Very Frequent,5,$8133.14
12159,2025-08-24,8,2025-09-01,90,Very Frequent,82,$32579.69
12160,2025-02-02,99,2025-05-12,50,Occasional,5,$15016.28
12162,2025-08-24,9,2025-09-02,90,Very Frequent,57,$14397.64
12166,2025-08-24,18,2025-09-11,90,Frequent,33,$18309.66
12168,2025-05-18,69,2025-07-26,70,Regular,10,$5049.31
12169,2025-02-16,78,2025-05-05,70,Occasional,6,$1172.15
12178,2025-08-24,19,2025-09-12,90,Frequent,42,$8521.58
12187,2025-08-10,84,2025-11-02,70,Occasional,7,$2450.73
12191,2025-08-10,25,2025-09-04,70,Regular,9,$11136.50
12198,2025-03-02,62,2025-05-03,70,Occasional,6,$3477.42
12199,2025-08-03,43,2025-09-15,50,Rare,4,$679.51
12205,2025-08-10,16,2025-08-26,90,Very Frequent,41,$802.77
12208,2025-08-10,26,2025-09-05,90,Frequent,24,$23662.23
12213,2025-08-10,39,2025-09-18,90,Regular,12,$3154.33
12227,2025-07-13,101,2025-10-22,50,Rare,5,$12476.91
12229,2025-06-08,36,2025-07-14,90,Regular,17,$14092.33
12231,2025-08-24,7,2025-08-31,90,Very Frequent,180,$137488.51
12243,2025-07-20,112,2025-11-09,50,Rare,5,$3465.60
12248,2025-07-13,60,2025-09-11,70,Regular,8,$3441.74
12249,2024-09-22,21,2024-10-13,70,Frequent,10,$2483.87
12259,2024-07-28,64,2024-09-30,70,Regular,6,$15965.61
12260,2025-08-03,33,2025-09-05,90,Regular,12,$15297.78
12262,2025-06-08,81,2025-08-28,70,Occasional,9,$4007.41
12263,2025-08-10,64,2025-10-13,70,Occasional,9,$19069.75
12267,2025-02-02,60,2025-04-03,70,Regular,8,$23786.16
12291,2025-07-06,14,2025-07-20,90,Very Frequent,51,$29727.40
12293,2025-08-10,17,2025-08-27,90,Frequent,39,$66975.33
12304,2025-08-24,13,2025-09-06,90,Very Frequent,44,$8126.35
12306,2025-08-03,12,2025-08-15,90,Very Frequent,27,$6143.65
12307,2025-08-03,22,2025-08-25,90,Frequent,31,$74131.46
12312,2025-08-10,11,2025-08-21,90,Very Frequent,64,$18314.67
12316,2024-02-25,19,2024-03-15,50,Frequent,5,$9424.59
12318,2025-05-18,156,2025-10-21,50,Rare,3,$6980.32
12320,2025-06-15,65,2025-08-19,70,Regular,10,$40147.69
12322,2025-04-27,17,2025-05-14,90,Very Frequent,38,$19182.48
12373,2025-08-24,52,2025-10-15,90,Regular,16,$18624.72
12519,2025-08-17,86,2025-11-11,50,Occasional,4,$7313.35
12526,2024-04-14,10,2024-04-24,70,Very Frequent,6,$9595.99
12542,2025-06-08,49,2025-07-27,90,Regular,11,$4825.15
12548,2025-05-11,148,2025-10-06,70,Rare,6,$4301.98
12583,2025-07-27,33,2025-08-29,90,Regular,13,$14450.69
12596,2025-03-30,46,2025-05-15,50,Rare,4,$5421.97
12605,2025-06-08,15,2025-06-23,90,Very Frequent,33,$14301.99
12631,2025-07-20,14,2025-08-03,90,Frequent,28,$4338.58
12733,2025-08-10,18,2025-08-28,90,Frequent,25,$6431.84
12739,2025-04-06,159,2025-09-12,50,Rare,3,$6728.45
12757,2025-08-24,45,2025-10-08,90,Frequent,15,$3675.38
12778,2024-09-22,9,2024-10-01,50,Frequent,4,$6400.36
12788,2025-04-20,36,2025-05-26,70,Regular,8,$8532.04
12797,2025-07-13,10,2025-07-23,90,Very Frequent,22,$3649.65
12802,2025-02-02,121,2025-06-03,50,Occasional,3,$11119.23
12849,2025-07-27,20,2025-08-16,70,Frequent,7,$15863.85
12859,2024-12-08,17,2024-12-25,50,Very Frequent,3,$89254.81
12960,2025-08-17,42,2025-09-28,70,Regular,9,$11663.62
13034,2025-08-24,16,2025-09-09,70,Very Frequent,6,$1222.09
13042,2025-08-24,85,2025-11-17,50,Occasional,3,$21613.64
13126,2025-08-24,84,2025-11-16,50,Occasional,3,$5195.76
13138,2025-08-10,7,2025-08-17,50,Frequent,4,$16066.27
13208,2025-07-06,7,2025-07-13,50,Very Frequent,3,$1982.52
13240,2025-08-24,7,2025-08-31,70,Very Frequent,10,$4150.65
